Specified Values,Specified Attribute Names,Class,Fitness,Prediction,Prediction Error,Accuracy,Numerosity,Avg Action Set Size,TimeStamp GA,Iteration Initialized,Specificity,Deletion Probability,Experience,Match Count
"1.0, 0.0, 1.0, 1.0, 1.0, 1.0","A_0, R_0, R_3, R_4, R_5, R_6",0.0,0.0,0.0029939430573397096,213.44817878070353,331.87595197996706,2.4838254863594343e-09,1,25.831550246609996,9929,19,0.5454545454545454,0.0056651017321440005,51,176
"0.0, 0.0, 0.0, 0.0, 1.0, 0.0, 0.0, 0.0, 0.0","A_2, R_0, R_1, R_2, R_3, R_4, R_5, R_6, R_7",1.0,1.0,0.11476624928772662,0.0,0.0,1.0,1,12.0,4620,38,0.8181818181818182,0.00022118258166609316,3,10
"0.0, 1.0, 1.0, 1.0, 1.0, 0.0, 1.0","A_0, R_1, R_2, R_3, R_4, R_5, R_6",0.0,0.0,0.009952365471838726,359.7852542844756,420.63264974737814,7.594253688147477e-10,1,30.13697178613734,9973,51,0.6363636363636364,0.0005554811019380057,21,84
"1.0, 1.0, 1.0, 1.0, 1.0, 1.0","A_0, R_1, R_3, R_4, R_5, R_7",0.0,0.0,0.009863093289314642,162.97564118073035,279.02432538199565,5.9127520331067874e-09,1,29.01270685494874,9807,403,0.5454545454545454,0.0005347587836082601,34,127
"0.0, 0.0, 1.0, 1.0, 1.0, 1.0","A_2, R_1, R_2, R_3, R_4, R_6",1.0,1.0,0.003634399770346965,997.2214027251443,13.222404244708105,0.02474274316391238,1,28.283326589979115,9762,1020,0.5454545454545454,0.00052131493277307,84,128
"0.0, 1.0, 0.0, 0.0, 1.0, 0.0, 0.0, 1.0","A_0, A_1, R_0, R_1, R_2, R_3, R_5, R_7",0.0,0.0,0.012095119656108464,574.4161782955191,432.93859297334916,6.574587248876668e-10,1,22.970268701289303,9355,1062,0.7272727272727273,0.00042338527774291875,17,33
"1.0, 0.0, 1.0, 1.0","A_0, A_1, A_2, R_5",1.0,1.0,0.8249664236372646,1000.0,0.0,1.0,15,24.66676628328384,9990,1126,0.36363636363636365,0.006819823809863577,378,507
"1.0, 1.0, 0.0, 0.0","A_0, A_1, R_6, R_7",0.0,0.0,0.5413652748181307,1000.0,0.0,1.0,14,41.0705649808535,9927,1313,0.36363636363636365,0.010598109191775252,399,544
"1.0, 1.0, 0.0, 0.0, 1.0, 1.0, 1.0","A_0, A_2, R_0, R_1, R_2, R_5, R_6",1.0,1.0,0.005315298765108844,781.8066113368512,285.48915303499996,5.2729291886384154e-09,1,28.672689816293982,9779,1587,0.6363636363636364,0.0005284916297399168,25,40
"0.0, 1.0, 1.0, 1.0, 1.0, 1.0, 0.0","A_2, R_0, R_1, R_2, R_4, R_5, R_7",1.0,1.0,0.0632165645055279,1000.0,0.0,1.0,1,28.55253267071282,9876,1650,0.6363636363636364,0.0005262769074344776,67,85
"1.0, 0.0, 1.0, 0.0, 1.0, 0.0, 1.0, 0.0, 0.0","A_0, A_1, A_2, R_0, R_1, R_3, R_4, R_6, R_7",1.0,1.0,0.0072342842955695165,646.4068504967447,379.78257332288956,1.2656826759875417e-09,1,29.178834836032227,9338,1666,0.8181818181818182,0.0005378208349201785,15,23
"0.0, 1.0, 1.0, 1.0","A_0, A_1, A_2, R_3",1.0,1.0,0.8541592906750111,1000.0,0.0,1.0,22,31.268809057424892,9906,1841,0.36363636363636365,0.012679545840399818,397,549
"1.0, 1.0, 1.0, 1.0, 1.0, 1.0","A_0, A_1, R_0, R_2, R_6, R_7",0.0,0.0,0.14710347869691143,0.0,0.0,1.0,2,29.68427449667316,9516,2016,0.5454545454545454,0.0010942740780098563,24,115
"1.0, 0.0, 1.0, 1.0","A_0, A_1, A_2, R_5",0.0,0.0,0.9400622187909146,0.0,0.0,1.0,22,29.507316851466964,9840,2179,0.36363636363636365,0.011965258285285944,113,456
"1.0, 1.0, 0.0, 1.0, 0.0, 0.0","A_0, A_1, A_2, R_0, R_3, R_6",1.0,1.0,0.16059270748667331,0.0,0.0,1.0,3,28.101254624782456,9976,2316,0.5454545454545454,0.0015538770114914059,31,113
"1.0, 1.0, 1.0, 1.0","A_0, A_1, A_2, R_7",0.0,0.0,0.9300468507946041,0.0,0.0,1.0,18,30.819925611145653,9951,2445,0.36363636363636365,0.01022524607014521,94,423
"0.0, 0.0, 1.0, 0.0, 0.0, 1.0, 0.0, 1.0","A_0, A_1, A_2, R_0, R_2, R_3, R_4, R_6",0.0,0.0,0.026144051653869814,784.7659705729167,306.29160002604164,3.7095785124234122e-09,1,19.351057565234374,9994,2537,0.7272727272727273,0.00035667640585397683,13,24
"0.0, 0.0, 1.0, 1.0","A_0, A_2, R_0, R_2",0.0,0.0,0.4371094303621744,0.0,0.0,1.0,16,43.249327526304185,9973,2608,0.36363636363636365,0.012754663890120515,119,504
"0.0, 1.0, 0.0, 0.0","A_0, A_2, R_1, R_3",1.0,1.0,0.6731519488087319,0.0,0.0,1.0,18,32.39093510449655,9959,2778,0.36363636363636365,0.010746465973487147,119,479
"0.0, 1.0, 0.0, 1.0, 1.0, 1.0, 0.0, 1.0","A_1, A_2, R_0, R_1, R_2, R_3, R_6, R_7",0.0,0.0,0.029602635249194157,630.38125,281.233125,5.684177571473361e-09,1,31.90912930989583,9558,2787,0.7272727272727273,0.0005881452999566634,12,26
"0.0, 1.0, 1.0, 1.0, 0.0, 1.0, 0.0","A_0, A_1, R_1, R_3, R_5, R_6, R_7",0.0,0.0,0.028968573017560836,457.46004998046885,421.0252381384549,7.558913040381398e-10,1,31.306795606809896,9129,3006,0.6363636363636364,0.0005770431563339096,14,49
"1.0, 1.0, 1.0, 1.0","A_0, A_1, A_2, R_7",1.0,1.0,0.7018043524432119,1000.0,0.0,1.0,15,25.800493948067814,9955,3133,0.36363636363636365,0.006928379767936223,301,381
"0.0, 0.0, 0.0, 0.0, 1.0","A_0, A_1, R_0, R_1, R_5",0.0,0.0,0.1124805636912703,1000.0,0.0,1.0,3,35.451132995020785,9994,3142,0.45454545454545453,0.0019602932797066785,150,196
"0.0, 0.0, 0.0, 0.0","A_0, A_1, A_2, R_0",1.0,1.0,0.8631326909953567,0.0,0.0,1.0,20,30.576463993127565,9960,3209,0.36363636363636365,0.011271635407033825,115,438
"0.0, 0.0, 0.0, 0.0, 1.0, 0.0, 0.0","A_1, A_2, R_0, R_2, R_3, R_6, R_7",1.0,1.0,0.057377070100871154,205.8009375,217.54607812499998,2.052313530405794e-08,1,29.322088875,9328,3275,0.6363636363636364,0.0005404612764345941,12,38
"1.0, 1.0, 1.0, 1.0","A_0, A_2, R_5, R_7",1.0,1.0,0.3767760396770582,1000.0,0.0,1.0,11,33.726288621058295,9955,3401,0.36363636363636365,0.006971353496761216,288,381
"1.0, 0.0, 1.0, 0.0","A_0, A_1, A_2, R_5",1.0,1.0,0.5967351561490255,0.0,0.0,1.0,12,31.350099499029433,9940,3446,0.36363636363636365,0.0069340959426842244,107,420
"0.0, 1.0, 0.0, 0.0, 1.0, 0.0, 0.0, 1.0, 0.0","A_0, R_0, R_1, R_2, R_3, R_4, R_5, R_6, R_7",1.0,1.0,0.0916486712987967,400.0,313.33333333333337,3.3110596560752675e-09,1,19.6,9091,3479,0.8181818181818182,0.0003612648833879522,5,9
"0.0, 0.0, 1.0, 1.0, 1.0, 1.0","A_2, R_0, R_1, R_2, R_5, R_7",0.0,0.0,0.010084863701581839,882.7392419826397,195.26044098399544,3.523130020013973e-08,1,31.75779429039025,9618,3552,0.5454545454545454,0.0005853559107641024,36,88
"1.0, 0.0, 0.0, 0.0","A_0, A_1, A_2, R_4",0.0,0.0,0.5171335717649812,1000.0,0.0,1.0,15,40.17787052390331,9672,3565,0.36363636363636365,0.011108306410403702,290,396
"0.0, 0.0, 1.0, 1.0","A_0, A_1, A_2, R_1",1.0,1.0,0.7880047559117939,1000.0,0.0,1.0,15,25.12931555524626,9926,3566,0.36363636363636365,0.007280012506816234,295,393
"0.0, 1.0, 0.0, 1.0","A_0, A_1, A_2, R_2",0.0,0.0,0.5215806517209028,0.0,0.0,1.0,18,41.24101160436073,9970,3583,0.36363636363636365,0.013682690125760719,107,434
"1.0, 1.0, 1.0, 1.0, 1.0","A_0, A_2, R_5, R_6, R_7",1.0,1.0,0.06442250049863503,1000.0,0.0,1.0,2,36.77143523764296,9719,3611,0.45454545454545453,0.0013555334962382366,118,155
"0.0, 1.0, 1.0, 0.0, 0.0, 0.0, 1.0","R_1, R_2, R_3, R_4, R_5, R_6, R_7",1.0,1.0,0.010680308202909748,612.0149697886848,413.3217110091971,8.29008354473567e-10,1,26.179751844533445,9449,3612,0.6363636363636364,0.00048254209169596433,19,37
"0.0, 1.0, 0.0, 1.0, 0.0, 0.0, 0.0, 1.0","A_1, A_2, R_0, R_3, R_4, R_5, R_6, R_7",0.0,0.0,0.03802526602354956,921.6990625,113.536359375,5.300601794510757e-07,1,28.53014613843004,9704,3635,0.7272727272727273,0.0005258642815174062,22,31
"0.0, 0.0, 1.0, 1.0, 0.0, 1.0, 0.0","A_0, A_1, A_2, R_2, R_3, R_5, R_6",1.0,1.0,0.0008931152992376287,638.2365437940304,427.16465956789966,7.031102415925625e-10,1,24.169405360931165,9926,3706,0.6363636363636364,0.017768845670999584,20,45
"0.0, 0.0, 1.0, 0.0, 1.0","A_1, A_2, R_0, R_3, R_4",1.0,1.0,0.28418076713060647,1000.0,0.0,1.0,3,25.205428975399656,9989,3745,0.45454545454545453,0.0013937504631950613,146,193
"1.0, 0.0, 1.0, 1.0","A_1, A_2, R_2, R_6",0.0,0.0,0.1657937250316282,0.0,0.0,1.0,7,34.411894339705974,9993,3837,0.36363636363636365,0.004439931784211574,108,417
"1.0, 1.0, 0.0, 0.0","A_0, A_1, R_6, R_7",1.0,1.0,0.4051593300331758,0.0,0.0,1.0,9,37.32470957283028,9976,3903,0.36363636363636365,0.006191681717441807,105,378
"1.0, 1.0, 0.0, 1.0, 0.0, 0.0, 1.0","A_0, A_2, R_0, R_3, R_4, R_5, R_6",1.0,1.0,0.022636059409892426,697.3443393402781,398.0129876403568,1.0011837239002415e-09,1,27.179529694968778,9944,3948,0.6363636363636364,0.000500969878866953,18,46
"1.0, 0.0, 1.0, 0.0, 1.0, 1.0, 0.0","A_0, A_2, R_0, R_3, R_4, R_5, R_6",1.0,1.0,0.01007472653982564,892.4657995703674,160.6053186385265,9.358373692600218e-08,1,22.248720157067453,9154,4036,0.6363636363636364,0.0004100857802588854,21,39
"0.0, 1.0, 0.0, 0.0","A_0, A_1, R_2, R_3",1.0,1.0,0.5184932885065354,0.0,0.0,1.0,12,37.00213891881086,9982,4041,0.36363636363636365,0.008184228613230007,111,415
"1.0, 0.0, 0.0, 1.0, 1.0, 1.0, 1.0","A_0, A_2, R_0, R_3, R_4, R_5, R_6",0.0,0.0,0.15289610302142193,0.0,0.0,1.0,1,24.928162488541666,9929,4085,0.6363636363636364,0.00045947294461729226,13,56
"1.0, 1.0, 1.0, 1.0, 0.0, 1.0, 1.0","A_0, A_1, A_2, R_1, R_2, R_3, R_6",0.0,0.0,0.014408082765340212,901.548146905709,163.57779976748944,8.538433263285072e-08,1,27.595566736545106,9109,4109,0.6363636363636364,0.000508638224444001,19,38
"0.0, 0.0, 1.0, 1.0, 0.0, 1.0, 1.0, 0.0","A_1, A_2, R_1, R_2, R_3, R_4, R_6, R_7",0.0,0.0,0.025553674163588166,102.35416666666666,145.00173611111114,1.5600337338487068e-07,1,28.544666666666664,9399,4194,0.7272727272727273,0.0005261319221776172,9,30
"0.0, 1.0, 0.0, 0.0, 1.0, 1.0, 1.0, 1.0","A_0, A_1, A_2, R_0, R_3, R_5, R_6, R_7",1.0,1.0,0.02041878328472954,876.87177578125,188.5192946484375,4.199726118539508e-08,1,28.370673590236642,9599,4270,0.7272727272727273,0.0005229249023578823,18,23
"0.0, 1.0, 1.0, 1.0, 1.0, 0.0, 0.0, 1.0","A_2, R_0, R_2, R_3, R_4, R_5, R_6, R_7",0.0,0.0,0.01143382889234916,0.0,0.0,1.0,1,22.5,4475,4475,0.7272727272727273,0.0004147173406239247,0,13
"1.0, 1.0, 0.0, 1.0","A_0, A_1, A_2, R_6",1.0,1.0,0.8247774999299069,1000.0,0.0,1.0,23,30.072114235345857,9864,4488,0.36363636363636365,0.012748570070235313,236,332
"0.0, 0.0, 0.0, 1.0, 0.0","A_1, A_2, R_0, R_3, R_4",1.0,1.0,0.2556983779666439,0.0,0.0,1.0,7,42.182251554951485,9715,4504,0.45454545454545453,0.005442487924657432,46,180
"0.0, 0.0, 0.0, 0.0, 0.0, 0.0, 0.0","A_0, A_2, R_0, R_1, R_5, R_6, R_7",1.0,1.0,0.008329699670126117,411.003125,395.75321180555557,1.0300961388378877e-09,1,24.32935416666667,9828,4537,0.6363636363636364,0.00044843578040433784,10,30
"1.0, 1.0, 1.0, 0.0","A_0, A_1, A_2, R_7",0.0,0.0,0.6814609306320855,1000.0,0.0,1.0,9,34.55384114787198,9962,4539,0.36363636363636365,0.005732030843674804,242,346
"1.0, 0.0, 0.0, 1.0, 1.0","A_0, A_2, R_1, R_4, R_6",0.0,0.0,0.1890761735573439,0.0,0.0,1.0,4,29.276059345697032,9871,4614,0.45454545454545453,0.0021584514623636747,43,139
"0.0, 0.0, 1.0, 1.0, 0.0","A_0, A_1, A_2, R_0, R_1",1.0,1.0,0.40183149915199123,0.0,0.0,1.0,6,30.25392233575065,9893,4627,0.45454545454545453,0.0033458203238734044,49,205
"0.0, 1.0, 1.0, 1.0","A_0, A_1, R_2, R_3",0.0,0.0,0.5551490081161706,0.0,0.0,1.0,18,39.788476329483544,9899,4726,0.36363636363636365,0.013200776872673113,93,355
"0.0, 1.0, 0.0, 1.0","A_0, A_1, A_2, R_2",1.0,1.0,0.8023033314917623,1000.0,0.0,1.0,20,29.069888277791886,9992,4765,0.36363636363636365,0.010716254896711514,258,347
"0.0, 1.0, 1.0, 1.0, 1.0, 0.0, 0.0","A_0, A_2, R_1, R_4, R_5, R_6, R_7",0.0,0.0,0.018583420378899165,361.25,377.30555555555554,1.3077779192201306e-09,1,25.113333333333337,9899,4853,0.6363636363636364,0.0004628859917423184,8,46
"1.0, 0.0, 0.0, 0.0","A_0, A_1, R_4, R_5",1.0,1.0,0.4948440908611251,0.0,0.0,1.0,18,41.21408644165175,9958,4894,0.36363636363636365,0.013673757060261093,80,308
"0.0, 0.0, 1.0, 0.0, 0.0, 1.0, 1.0, 0.0","A_0, A_1, A_2, R_2, R_3, R_4, R_6, R_7",1.0,1.0,0.024686295794441537,200.0,160.0,9.5367431640625e-08,1,28.0,9131,4998,0.7272727272727273,0.000543740513262479,5,15
"1.0, 1.0, 1.0, 1.0","A_0, A_1, R_6, R_7",1.0,1.0,0.09999150696119476,1000.0,0.0,1.0,3,26.602841134277362,9944,5070,0.36363636363636365,0.0014710212704331014,194,254
"0.0, 1.0, 0.0, 0.0","A_0, A_1, A_2, R_2",1.0,1.0,0.7701112186061858,0.0,0.0,1.0,18,32.91409731533132,9701,5212,0.36363636363636365,0.01092003752612101,81,296
"1.0, 0.0, 0.0, 1.0, 1.0, 0.0, 1.0, 1.0","A_0, A_1, A_2, R_0, R_1, R_4, R_6, R_7",1.0,1.0,0.028922940010356828,0.0,0.0,1.0,1,19.0,6046,5294,0.7272727272727273,0.0003502057543046475,1,18
"1.0, 1.0, 0.0, 1.0","A_0, A_1, A_2, R_6",0.0,0.0,0.7662995296235406,0.0,0.0,1.0,14,27.301501289481845,9993,5310,0.36363636363636365,0.00704505262832906,79,277
"1.0, 1.0, 0.0, 0.0, 1.0, 0.0, 0.0","A_0, A_2, R_1, R_3, R_4, R_5, R_7",1.0,1.0,0.031256969390090865,0.0,0.0,1.0,1,32.794583333333335,9298,5372,0.6363636363636364,0.0006044658838608749,8,38
"0.0, 0.0, 0.0, 1.0, 0.0, 1.0, 1.0, 0.0","A_1, A_2, R_0, R_1, R_2, R_3, R_5, R_6",1.0,1.0,0.012870064157068662,333.3333333333333,308.33333333333337,3.5883732449822545e-09,1,29.166666666666668,9715,5400,0.7272727272727273,0.0005375965526606432,6,20
"0.0, 0.0, 0.0, 0.0","A_0, A_1, A_2, R_0",0.0,0.0,0.7306476286519545,1000.0,0.0,1.0,17,32.77363007094032,9780,5521,0.36363636363636365,0.010269354488685118,215,295
"1.0, 1.0, 0.0, 1.0, 1.0, 0.0","A_0, A_1, A_2, R_1, R_2, R_6",1.0,1.0,0.06965100446359958,0.0,0.0,1.0,1,30.88199217713314,9471,5579,0.5454545454545454,0.0005692132297275334,15,58
"1.0, 0.0, 0.0, 1.0, 1.0, 1.0, 1.0, 1.0, 0.0","A_1, A_2, R_0, R_2, R_3, R_4, R_5, R_6, R_7",1.0,1.0,0.04480231870310522,1000.0,0.0,1.0,2,29.48336161458333,9306,5741,0.8181818181818182,0.001086867673018089,11,13
"1.0, 1.0, 0.0, 0.0, 1.0, 0.0, 1.0","A_0, A_2, R_0, R_2, R_3, R_4, R_6",1.0,1.0,0.0063991314772932585,692.9375,344.59236111111113,2.0581251082055038e-09,1,29.497541666666663,9944,5776,0.6363636363636364,0.0005436952015530404,9,26
"1.0, 1.0, 0.0, 0.0, 1.0, 0.0","A_0, A_1, A_2, R_1, R_4, R_6",0.0,0.0,0.19408466632662136,1000.0,0.0,1.0,2,22.85239837137495,9786,5979,0.5454545454545454,0.0008424254115071224,53,71
"1.0, 1.0, 0.0, 1.0, 0.0","A_0, A_1, A_2, R_1, R_6",1.0,1.0,0.16559315088673215,0.0,0.0,1.0,4,36.52118275857606,9976,5987,0.45454545454545453,0.0026926164960136877,22,103
"0.0, 1.0, 1.0, 0.0","A_0, A_1, A_2, R_3",1.0,1.0,0.3647156943506134,0.0,0.0,1.0,7,27.94187307513682,9982,6033,0.36363636363636365,0.003605149113617951,65,262
"1.0, 0.0, 0.0, 0.0, 0.0, 0.0, 0.0","A_1, A_2, R_0, R_1, R_4, R_6, R_7",1.0,1.0,0.006206768084446222,503.121875,399.42090277777777,9.83662364443183e-10,2,28.716381249999998,9828,6194,0.6363636363636364,0.0010585938901637984,10,27
"0.0, 0.0, 0.0, 0.0, 0.0, 0.0, 1.0","A_1, A_2, R_0, R_3, R_5, R_6, R_7",0.0,0.0,0.019378171208663995,810.6493885042006,285.4898925295189,5.272860897568653e-09,1,28.956602283494725,9780,6208,0.6363636363636364,0.0005337246707784709,20,24
"0.0, 0.0, 1.0, 0.0, 0.0, 0.0","A_0, A_1, A_2, R_0, R_1, R_6",1.0,1.0,0.13864108208515788,0.0,0.0,1.0,1,18.198833333333333,9963,6213,0.5454545454545454,0.0003354387449981349,9,64
"0.0, 0.0, 1.0, 1.0","A_1, A_2, R_0, R_4",0.0,0.0,0.6858670468729815,0.0,0.0,1.0,16,30.66424116812523,9973,6246,0.36363636363636365,0.009043194701863513,69,252
"0.0, 1.0, 0.0, 1.0, 1.0","A_0, A_2, R_0, R_1, R_3",1.0,1.0,0.09019359014944843,1000.0,0.0,1.0,2,28.84881991315128,9663,6292,0.45454545454545453,0.0010634760777351662,84,115
"0.0, 1.0, 1.0, 1.0, 1.0","A_0, A_1, R_1, R_2, R_3",1.0,1.0,0.07515834502795965,1000.0,0.0,1.0,2,31.429079204765806,9837,6303,0.45454545454545453,0.0011585941463163705,86,120
"0.0, 1.0, 0.0, 0.0, 0.0, 0.0, 1.0","A_0, A_1, R_0, R_1, R_2, R_6, R_7",0.0,0.0,0.020821942991971994,951.9134367578124,91.36447016015627,1.5707725384111343e-06,1,30.927296376802254,9675,6325,0.6363636363636364,0.0005700482713811276,19,30
"1.0, 0.0, 0.0, 0.0, 1.0, 0.0, 1.0, 0.0, 1.0","A_0, A_1, A_2, R_0, R_1, R_2, R_3, R_6, R_7",1.0,1.0,0.08195977106638208,1000.0,0.0,1.0,1,17.0,6413,6413,0.8181818181818182,0.00031334199069363197,3,7
"1.0, 1.0, 0.0, 0.0","A_0, A_2, R_5, R_7",1.0,1.0,0.32426975230199473,0.0,0.0,1.0,6,36.089120183579695,9904,6496,0.36363636363636365,0.003991142386131033,69,237
"0.0, 1.0, 1.0, 1.0","A_0, A_2, R_1, R_3",1.0,1.0,0.09490317162336195,1000.0,0.0,1.0,2,30.904155798071244,9775,6655,0.36363636363636365,0.0011392434939380932,146,201
"0.0, 1.0, 0.0, 1.0, 0.0, 1.0, 0.0, 0.0","A_1, A_2, R_0, R_1, R_3, R_4, R_6, R_7",1.0,1.0,0.005968800818158173,798.5491145833333,243.35638715277776,1.1716185892279434e-08,1,27.333664322916665,9926,6666,0.7272727272727273,0.0005038108701114244,11,15
"1.0, 1.0, 1.0, 0.0, 0.0, 0.0","A_0, A_2, R_3, R_5, R_6, R_7",1.0,1.0,0.029535398194806713,0.0,0.0,1.0,1,41.469233068716946,9904,6700,0.5454545454545454,0.0007643560024876447,16,53
"0.0, 0.0, 0.0, 1.0","A_0, A_1, A_2, R_0",0.0,0.0,0.4088173292130678,0.0,0.0,1.0,7,29.407028809282856,9973,6757,0.36363636363636365,0.003794188154847043,52,206
"1.0, 0.0, 0.0, 1.0, 0.0, 1.0","A_0, A_2, R_1, R_5, R_6, R_7",1.0,1.0,0.0019804259693270657,297.0884901539289,396.4165922560932,1.0215059032304766e-09,1,29.77416059728047,9572,6758,0.5454545454545454,0.009871466878898212,20,67
"1.0, 1.0, 1.0, 0.0","A_0, A_1, A_2, R_7",1.0,1.0,0.6531871468426709,0.0,0.0,1.0,15,31.508842157109953,9954,6766,0.36363636363636365,0.008711508817023764,69,218
"0.0, 0.0, 0.0, 0.0, 1.0","A_0, A_2, R_0, R_2, R_3",1.0,1.0,0.04214825394717696,0.0,0.0,1.0,1,31.785472575534833,9715,6869,0.45454545454545453,0.0005858660736444665,23,84
"1.0, 0.0, 0.0, 1.0, 0.0, 1.0","A_1, R_1, R_2, R_3, R_6, R_7",0.0,0.0,0.00712972114082828,754.0733829273722,306.72187259828803,3.6836322370894985e-09,1,21.238845565634062,9731,6961,0.5454545454545454,0.0003914718911511997,20,37
"0.0, 0.0, 1.0, 1.0, 1.0, 0.0, 0.0","A_0, A_1, A_2, R_0, R_3, R_4, R_5",0.0,0.0,0.005989484293792036,641.0055546875001,406.7563112847222,8.981078633210648e-10,1,25.050747377604168,9896,7004,0.6363636363636364,0.00046173241480363357,12,19
"0.0, 1.0, 0.0, 0.0","A_0, A_2, R_1, R_3",0.0,0.0,0.6444111353884713,1000.0,0.0,1.0,14,39.03980213007648,9948,7035,0.36363636363636365,0.009788725465151214,152,201
"1.0, 0.0, 0.0, 0.0, 1.0, 1.0, 1.0","A_0, A_2, R_1, R_2, R_3, R_4, R_6",1.0,1.0,0.18095222174693965,1000.0,0.0,1.0,2,25.085130208333332,9318,7110,0.6363636363636364,0.0009247323101515446,10,18
"1.0, 0.0, 1.0, 1.0, 1.0, 1.0","A_0, A_2, R_0, R_3, R_4, R_6",0.0,0.0,0.043406978834481955,0.0,0.0,1.0,1,30.42208028839844,9847,7162,0.5454545454545454,0.0005607361881534276,14,43
"1.0, 0.0, 0.0, 0.0, 1.0, 1.0","A_0, A_2, R_1, R_2, R_3, R_4",1.0,1.0,0.10142538521927019,1000.0,0.0,1.0,1,25.153643528645834,9318,7181,0.5454545454545454,0.00046362898449787526,12,32
"1.0, 0.0, 0.0, 0.0","A_0, A_2, R_4, R_6",1.0,1.0,0.5591565883048221,0.0,0.0,1.0,21,46.27179822402452,9958,7256,0.36363636363636365,0.017910402631664005,46,166
"1.0, 0.0, 0.0, 0.0","A_0, A_2, R_4, R_6",0.0,0.0,0.5309193430091897,1000.0,0.0,1.0,13,35.9040719340701,9927,7278,0.36363636363636365,0.008603134932927973,118,163
"1.0, 0.0, 0.0, 0.0","A_0, A_1, A_2, R_4",1.0,1.0,0.47717363776293936,0.0,0.0,1.0,9,29.023645664196653,9988,7297,0.36363636363636365,0.004814643658026695,45,164
"1.0, 0.0, 1.0, 0.0, 0.0, 0.0","A_0, A_2, R_0, R_2, R_3, R_4",0.0,0.0,0.0020751802628207576,852.954769507604,217.89661966314608,2.035858247074203e-08,1,26.50910357753762,9919,7425,0.5454545454545454,0.00838764406491671,26,38
"0.0, 1.0, 1.0, 1.0, 0.0","A_0, A_1, R_1, R_6, R_7",0.0,0.0,0.0030622600570198453,834.6073653662065,294.8321547487026,4.488753613663757e-09,1,24.2339621819491,9983,7435,0.45454545454545453,0.005196167412705469,38,84
"0.0, 0.0, 1.0, 0.0, 0.0, 1.0","A_0, A_1, A_2, R_1, R_2, R_3",1.0,1.0,0.18050334071848484,0.0,0.0,1.0,2,15.89958333333333,9963,7444,0.5454545454545454,0.0005861184815136422,8,42
"0.0, 0.0, 0.0, 0.0, 0.0","A_1, A_2, R_0, R_1, R_2",1.0,1.0,0.008485367961154493,282.4128543271324,380.3182287992423,1.2567945563362578e-09,1,28.38827060730882,9960,7531,0.45454545454545453,0.0005232492484966863,23,75
"0.0, 1.0, 1.0, 1.0, 1.0, 1.0","A_2, R_0, R_1, R_2, R_4, R_6",0.0,0.0,0.03454119619090908,0.0,0.0,1.0,1,36.28383070908203,9973,7559,0.5454545454545454,0.0006687792790808529,14,49
"0.0, 0.0, 1.0, 0.0, 1.0, 0.0","A_0, A_1, A_2, R_0, R_3, R_4",1.0,1.0,0.0008442805029817391,827.0849124934896,234.22545564029946,1.4185006453234566e-08,1,23.948561386451825,9594,7587,0.5454545454545454,0.00044141705288702716,14,40
"0.0, 0.0, 1.0, 1.0","A_0, A_1, A_2, R_1",0.0,0.0,0.9310030299465994,0.0,0.0,1.0,25,36.65284939085933,9874,7622,0.36363636363636365,0.01688952469518491,42,153
"0.0, 0.0, 1.0, 0.0","A_0, A_1, A_2, R_1",0.0,0.0,0.8001016344535262,1000.0,0.0,1.0,23,32.191306571746956,9994,7724,0.36363636363636365,0.01298797241200347,120,148
"1.0, 0.0, 0.0, 0.0, 1.0","A_0, A_1, A_2, R_0, R_4",0.0,0.0,0.4434057768856612,0.0,0.0,1.0,5,18.660286907603748,9795,7756,0.45454545454545453,0.0017197210136890811,16,57
"1.0, 0.0, 1.0, 1.0, 0.0, 0.0","A_0, A_1, A_2, R_3, R_4, R_7",0.0,0.0,0.08990956898810537,825.069203125,211.1537859375,2.3823503905116133e-08,1,27.449330849604586,9700,7765,0.5454545454545454,0.0005059428218601897,17,38
"0.0, 0.0, 1.0, 0.0, 0.0","A_0, A_1, A_2, R_0, R_1",1.0,1.0,0.3995014010933774,0.0,0.0,1.0,4,16.292105413281252,9963,7793,0.45454545454545453,0.001201176645361893,13,63
"0.0, 1.0, 1.0, 0.0, 1.0, 1.0","A_0, A_2, R_1, R_3, R_4, R_6",0.0,0.0,0.0018324634192422589,665.7281738951822,387.9660584917806,1.1377093746237058e-09,1,26.00093823911849,9983,7846,0.5454545454545454,0.0004792462204557392,15,22
"0.0, 1.0, 1.0, 1.0, 0.0","A_0, A_1, A_2, R_3, R_6",0.0,0.0,0.24482550701535413,0.0,0.0,1.0,3,24.610696664181745,9899,7863,0.45454545454545453,0.0013608643561962063,19,63
"1.0, 0.0, 0.0, 0.0, 0.0, 1.0","A_0, A_1, A_2, R_0, R_2, R_4",0.0,0.0,0.11072991629847025,0.0,0.0,1.0,1,18.208333333333332,9795,7892,0.5454545454545454,0.0003356138478752872,7,25
"1.0, 0.0, 0.0, 0.0, 0.0, 1.0","A_0, A_1, A_2, R_0, R_1, R_4",1.0,1.0,0.11121230046762971,1000.0,0.0,1.0,1,18.96488535550456,9452,7892,0.5454545454545454,0.00034955852532766513,15,24
"1.0, 1.0, 1.0, 0.0, 1.0, 0.0","A_0, A_1, A_2, R_0, R_3, R_4",1.0,1.0,0.0005137183049846783,903.1049906816751,209.41118331287157,2.483136797321345e-08,1,28.976889483267563,9944,7934,0.5454545454545454,0.0005340986020468487,18,32
"0.0, 0.0, 0.0, 0.0, 1.0, 1.0","A_1, A_2, R_0, R_1, R_4, R_5",0.0,0.0,0.003145058993592746,717.5229973958334,319.1443166232639,3.0203997509076404e-09,1,24.901123315104165,9795,7985,0.5454545454545454,0.00045897456176837364,12,23
"0.0, 0.0, 0.0, 0.0, 1.0","A_1, A_2, R_0, R_2, R_3",1.0,1.0,0.0015697481923042126,556.9052488857899,440.2177010398661,6.04870623491687e-10,1,30.55868511549771,9715,8010,0.45454545454545453,0.0005632540721805831,19,56
"1.0, 0.0, 1.0, 1.0","A_0, A_1, R_4, R_5",1.0,1.0,0.38283056111112335,1000.0,0.0,1.0,9,26.5868514083566,9989,8054,0.36363636363636365,0.004410411324654839,89,124
"1.0, 1.0, 0.0, 1.0, 0.0, 1.0","A_1, A_2, R_0, R_2, R_6, R_7",1.0,1.0,0.004134556146227441,839.7541798023722,230.60806228605676,1.5333015230123556e-08,1,28.00995334550521,9802,8070,0.5454545454545454,0.0005162761494421388,20,31
"0.0, 1.0, 1.0, 0.0, 1.0, 0.0","A_1, A_2, R_0, R_1, R_3, R_5",1.0,1.0,0.02147191875031689,0.0,0.0,1.0,1,38.6,9319,8086,0.5454545454545454,0.0007114706376925996,5,27
"0.0, 1.0, 1.0, 1.0, 0.0","A_0, A_1, A_2, R_3, R_5",0.0,0.0,0.25341706495921346,0.0,0.0,1.0,2,26.864497054427083,9607,8094,0.45454545454545453,0.000990326468943223,13,50
"0.0, 1.0, 0.0, 0.0, 1.0, 1.0","A_0, A_1, A_2, R_0, R_3, R_6",1.0,1.0,0.0020141054363698365,920.6618794185673,176.180808869376,5.891243888132017e-08,1,28.78083164040451,9762,8102,0.5454545454545454,0.009382572221717969,20,28
"1.0, 0.0, 0.0, 0.0, 0.0, 1.0","A_0, A_1, R_0, R_4, R_6, R_7",0.0,0.0,0.00936514122874921,943.9211944870938,126.57381166395767,3.07808569403993e-07,1,39.091971385928886,9704,8112,0.5454545454545454,0.0007205385961297328,20,29
"0.0, 0.0, 1.0, 0.0, 0.0, 0.0","A_1, A_2, R_1, R_3, R_4, R_5",0.0,0.0,0.0008995998599050114,870.8111205675838,242.22645622805217,1.199201388013239e-08,1,32.07665229782612,9429,8112,0.5454545454545454,0.0005912330638699001,17,32
"1.0, 1.0, 0.0, 1.0, 0.0","A_0, A_1, A_2, R_4, R_6",1.0,1.0,0.15022313264228315,0.0,0.0,1.0,3,26.834846786458332,9976,8141,0.45454545454545453,0.0014838501727107295,12,51
"1.0, 1.0, 1.0, 1.0","A_0, A_2, R_5, R_7",0.0,0.0,0.08451925396663779,0.0,0.0,1.0,2,27.99898351598097,9951,8186,0.36363636363636365,0.0010321479096818428,28,101
"0.0, 1.0, 1.0, 0.0, 1.0, 1.0","A_0, A_2, R_0, R_1, R_6, R_7",1.0,1.0,0.006737691205608412,530.7932003156985,392.60763318342265,1.0720284349300487e-09,1,30.947791715352214,9893,8199,0.5454545454545454,0.0005704260390388444,18,38
"1.0, 1.0, 0.0, 1.0, 0.0, 0.0, 1.0","A_1, A_2, R_0, R_2, R_3, R_6, R_7",1.0,1.0,0.00723354494578885,666.6666666666666,297.22222222222223,4.311154781422709e-09,1,27.0,9802,8204,0.6363636363636364,0.0004976608087487096,6,13
"0.0, 1.0, 0.0, 0.0, 1.0","A_0, A_1, R_0, R_2, R_6",0.0,0.0,0.003354443098205425,963.6133197671734,104.41692721050362,8.056482293579549e-07,1,29.730911060253433,9983,8249,0.45454545454545453,0.00581953878820295,32,50
"0.0, 1.0, 1.0, 1.0, 1.0","A_1, A_2, R_1, R_3, R_7",0.0,0.0,0.0012193891973942424,488.3937211254911,442.1428833216178,5.918161395396813e-10,1,31.609235650341432,9807,8259,0.45454545454545453,0.0005826176954695356,19,48
"0.0, 1.0, 0.0, 1.0, 1.0","A_1, R_1, R_3, R_4, R_7",0.0,0.0,0.00047045345435358564,685.2246367263458,409.9088997661978,8.640985210701044e-10,1,28.052718334187286,9618,8260,0.45454545454545453,0.0005170643886589407,19,44
"0.0, 1.0, 0.0, 0.0, 0.0","A_0, A_2, R_1, R_5, R_6",1.0,1.0,0.003311556847463163,550.4069411458333,405.7315595855035,9.095070047803372e-10,1,30.43182189726562,9963,8273,0.45454545454545453,0.000560915744336663,13,54
"0.0, 0.0, 1.0, 1.0","A_0, A_2, R_0, R_2",1.0,1.0,0.28190696791854736,1000.0,0.0,1.0,6,31.008491005123112,9992,8281,0.36363636363636365,0.0034292690470414788,89,117
"1.0, 1.0, 0.0, 0.0, 1.0","A_0, A_1, A_2, R_6, R_7",0.0,0.0,0.11273589176436949,1000.0,0.0,1.0,1,22.01653513884283,9919,8313,0.45454545454545453,0.0004058061734459595,38,44
"0.0, 1.0, 1.0, 0.0, 1.0, 0.0","A_0, A_1, A_2, R_3, R_5, R_7",1.0,1.0,0.0235341558201495,0.0,0.0,1.0,1,30.8,9982,8328,0.5454545454545454,0.0005677019596096391,5,21
"0.0, 1.0, 1.0, 0.0, 0.0","A_0, A_2, R_0, R_1, R_5",1.0,1.0,0.0014478593327400867,628.293840805454,415.1549515680111,8.108656241467444e-10,1,31.660752212599952,9959,8373,0.45454545454545453,0.0005835672426561107,18,50
"1.0, 1.0, 1.0, 0.0, 1.0","A_0, A_2, R_2, R_5, R_7",0.0,0.0,0.00511503492117195,575.8055444011026,361.87745388444296,1.6113592254910507e-09,1,31.590858557598885,9883,8374,0.45454545454545453,0.0005822789710681762,20,33
"0.0, 0.0, 0.0, 0.0","A_1, A_2, R_0, R_4",0.0,0.0,0.33336212332937787,1000.0,0.0,1.0,10,40.42171295867621,9780,8395,0.36363636363636365,0.007450482356304814,72,101
"1.0, 0.0, 1.0, 0.0, 1.0","A_0, A_1, R_2, R_4, R_5",0.0,0.0,0.0015782227772207654,749.8574303078123,359.74595819010426,1.6596648023110197e-09,1,34.393739993402875,9700,8410,0.45454545454545453,0.014309085398948849,20,47
"1.0, 1.0, 0.0, 1.0, 0.0, 1.0","A_0, A_1, A_2, R_0, R_6, R_7",0.0,0.0,0.08603498359241739,1000.0,0.0,1.0,1,23.009801715259382,9919,8412,0.5454545454545454,0.00042411394558383074,17,21
"1.0, 0.0, 1.0, 1.0","A_0, A_2, R_4, R_6",1.0,1.0,0.08741144408378689,1000.0,0.0,1.0,2,27.18619988298182,9989,8414,0.36363636363636365,0.00100218564596806,60,89
"1.0, 1.0, 1.0, 1.0, 1.0","A_0, A_1, R_0, R_2, R_6",0.0,0.0,0.003635387852748349,536.02859375,414.3560815972222,8.187124839489111e-10,1,28.34647546875,9993,8420,0.45454545454545453,0.0005224788854427253,11,45
"0.0, 1.0, 1.0, 0.0, 1.0","A_0, A_1, R_0, R_2, R_6",0.0,0.0,0.00757712517918948,915.8851328373228,134.17580967750388,2.2994759755712526e-07,1,24.450862270340764,9835,8432,0.45454545454545453,0.0004506754034096702,29,48
"0.0, 0.0, 0.0, 1.0, 1.0, 0.0","A_0, A_1, R_0, R_2, R_3, R_6",1.0,1.0,0.0034172036524061163,495.3352552083333,400.6638049479167,9.684995980865627e-10,1,28.672495200520835,9787,8476,0.5454545454545454,0.0005284880426049887,12,29
"1.0, 0.0, 1.0, 0.0, 1.0","A_0, A_1, R_0, R_4, R_5",0.0,0.0,0.0015272768244543647,709.5635664235116,371.09614560220706,1.4209139636247276e-09,1,30.97750223563341,9700,8482,0.45454545454545453,0.0005709736598370475,19,46
"0.0, 1.0, 1.0, 0.0, 1.0","A_0, A_2, R_1, R_3, R_4",1.0,1.0,0.005541819237694249,776.1507977864584,285.49226563585074,5.272641752375153e-09,1,23.775427902083333,9926,8503,0.45454545454545453,0.00044400078471575977,13,35
"0.0, 1.0, 1.0, 0.0, 1.0, 1.0, 1.0","A_0, A_2, R_0, R_1, R_3, R_6, R_7",1.0,1.0,0.025618342197995723,850.0,127.5,2.967898717650669e-07,1,29.233333333333334,9893,8548,0.6363636363636364,0.0005388253447810103,7,13
"0.0, 1.0, 1.0, 1.0","A_0, A_1, A_2, R_3",0.0,0.0,0.22222440062033505,0.0,0.0,1.0,2,25.492247218939475,9899,8548,0.36363636363636365,0.0009397401753925528,25,89
"1.0, 0.0, 1.0, 0.0, 0.0","A_0, A_2, R_0, R_6, R_7",0.0,0.0,0.001713154317390604,713.9196756335547,330.41340460774813,2.53928653685161e-09,1,28.77119724470821,9645,8613,0.45454545454545453,0.0005303073070174123,18,32
"1.0, 0.0, 0.0, 1.0","A_0, A_1, A_2, R_4",1.0,1.0,0.398420775469476,1000.0,0.0,1.0,8,22.522769926910584,9989,8627,0.36363636363636365,0.003321096265803685,48,72
"0.0, 0.0, 1.0, 1.0, 1.0","A_1, A_2, R_0, R_4, R_5",1.0,1.0,0.07617322217345235,1000.0,0.0,1.0,1,26.852135450545028,9989,8629,0.45454545454545453,0.0004949353868499309,31,41
"0.0, 1.0, 1.0, 0.0, 0.0, 1.0","A_1, A_2, R_3, R_4, R_6, R_7",0.0,0.0,0.001766564012679029,757.8040261162109,357.1103858051378,1.7218193945872065e-09,1,31.131816925825845,9764,8635,0.5454545454545454,0.0005738179699675281,15,22
"1.0, 0.0, 1.0, 0.0, 1.0, 0.0","A_0, A_1, R_1, R_2, R_4, R_6",0.0,0.0,0.016685996538440634,591.47140625,400.7870564236111,9.670113313403528e-10,1,24.99935625,9807,8653,0.5454545454545454,0.0004607851796137818,11,17
"0.0, 0.0, 0.0, 1.0, 0.0, 1.0","A_0, A_1, A_2, R_1, R_4, R_6",1.0,1.0,0.01678326388595278,764.125,219.61875,1.957279841639011e-08,1,30.15512083333334,9870,8658,0.5454545454545454,0.0005558156230308049,10,19
"0.0, 0.0, 1.0, 0.0, 1.0","A_1, A_2, R_3, R_4, R_5",1.0,1.0,0.0015340141136748599,98.43720217036133,220.93683153792213,1.8995878913400607e-08,1,28.290237884894616,9988,8663,0.45454545454545453,0.0005214423209440755,16,41
"1.0, 1.0, 0.0","A_0, A_2, R_5",0.0,0.0,0.22140426691556286,875.4514687935089,203.89390670464383,2.8377802628488257e-08,11,27.218977508640084,9962,8675,0.2727272727272727,0.0055186667393663106,103,159
"0.0, 1.0, 1.0, 0.0, 1.0, 1.0, 0.0","A_1, A_2, R_0, R_1, R_3, R_4, R_5",1.0,1.0,0.00802705476777528,0.0,0.0,1.0,1,40.0,8982,8677,0.6363636363636364,0.0007372752722203105,1,7
"1.0, 0.0, 0.0, 0.0, 1.0","A_0, A_2, R_0, R_3, R_4",0.0,0.0,0.001996687985804045,560.3511924816463,421.7780912350489,7.491692006185509e-10,1,20.571105500069642,9468,8679,0.45454545454545453,0.0003791641851859143,17,29
"1.0, 0.0, 1.0, 0.0, 0.0","A_0, A_2, R_3, R_6, R_7",1.0,1.0,0.002580727379093617,402.1364456360677,385.8985098580458,1.1685155395221667e-09,1,33.42040963783984,9958,8697,0.45454545454545453,0.0006160010403363165,15,33
"1.0, 0.0, 0.0, 0.0, 0.0, 1.0","A_0, A_1, R_2, R_3, R_4, R_5",0.0,0.0,0.0031671697459815557,833.3333333333334,241.66666666666663,1.2131548554398397e-08,1,38.166666666666664,9023,8705,0.5454545454545454,0.000703483488910213,6,12
"0.0, 0.0, 1.0, 1.0, 0.0, 0.0","A_0, A_1, A_2, R_2, R_3, R_6",0.0,0.0,0.0027435340714258155,759.1666666666666,315.09027777777777,3.219771001558392e-09,1,38.44291666666667,9649,8706,0.5454545454545454,0.0007002579095942491,8,14
"1.0, 0.0, 1.0, 0.0, 0.0","A_0, A_2, R_1, R_6, R_7",1.0,1.0,0.0030567648360303947,424.54079075911454,397.33422085635857,1.0097646113834094e-09,1,32.18640668492838,9976,8709,0.45454545454545453,0.0005932560437606049,15,35
"1.0, 0.0, 0.0, 0.0, 1.0, 1.0","A_0, A_2, R_0, R_1, R_3, R_4",0.0,0.0,0.010257485639703917,461.496875,392.2021006944444,1.0775822339285342e-09,1,27.127205208333336,9871,8713,0.5454545454545454,0.0005000054401137547,10,19
"0.0, 0.0, 0.0, 1.0, 0.0","A_0, A_1, R_0, R_3, R_6",1.0,1.0,0.0005860485193240156,566.1677180281202,441.0268497516805,5.993421883212797e-10,1,26.835625359871074,9963,8763,0.45454545454545453,0.0004946310748100304,18,47
"1.0, 0.0, 0.0, 0.0, 1.0","A_0, A_1, A_2, R_5, R_6",1.0,1.0,0.018960229645359216,496.1910987629542,388.0817690651609,1.1360142869470523e-09,1,23.153069909085485,9867,8775,0.45454545454545453,0.00042675464799892205,17,33
"1.0, 1.0, 0.0, 1.0, 0.0","A_0, A_1, A_2, R_0, R_6",1.0,1.0,0.03281769608357971,0.0,0.0,1.0,1,31.458333333333336,9976,8778,0.45454545454545453,0.0005798362817982651,7,31
"1.0, 1.0, 0.0, 0.0, 1.0, 0.0","A_0, A_1, A_2, R_3, R_4, R_6",1.0,1.0,0.08595401432679638,0.0,0.0,1.0,2,18.0,9976,8778,0.5454545454545454,0.0006635477449982794,3,19
"0.0, 1.0, 1.0, 0.0, 0.0","A_0, A_2, R_0, R_1, R_7",1.0,1.0,0.005636049986412657,765.9084947916667,305.87254500868056,3.735059432969977e-09,1,27.795882419270836,9628,8800,0.45454545454545453,0.0005123304194317912,12,42
"1.0, 1.0, 0.0, 1.0, 0.0","A_0, A_1, A_2, R_3, R_6",1.0,1.0,0.026745333610621272,0.0,0.0,1.0,1,30.8,9705,8802,0.45454545454545453,0.0005677019596096391,5,29
"1.0, 1.0, 0.0, 0.0, 1.0, 0.0","A_0, A_1, A_2, R_2, R_4, R_6",1.0,1.0,0.0291981633356686,0.0,0.0,1.0,1,22.5,9976,8813,0.5454545454545454,0.0004147173406239247,2,14
"1.0, 0.0, 0.0, 0.0, 1.0, 1.0","A_0, A_1, A_2, R_2, R_3, R_7",1.0,1.0,0.02198074642567366,566.6666666666666,347.08333333333337,1.985323126173698e-09,2,24.333333333333332,9988,8885,0.5454545454545454,0.0008970182478680444,7,16
"1.0, 0.0, 1.0, 0.0, 1.0, 1.0","A_0, A_2, R_0, R_4, R_5, R_6",0.0,0.0,0.006529912899891923,400.0,346.66666666666663,1.997282869425226e-09,1,22.6,9993,8885,0.5454545454545454,0.0004165605288044755,5,18
"0.0, 1.0, 1.0, 0.0, 1.0","A_1, R_0, R_1, R_5, R_7",1.0,1.0,0.005468198278492535,635.4989583333333,313.90116319444445,3.2812201875326416e-09,1,35.772246875,9856,8909,0.45454545454545453,0.0006593498263174444,10,23
"0.0, 0.0, 1.0, 0.0, 1.0","A_1, A_2, R_0, R_4, R_7",1.0,1.0,0.007426576678764883,631.6230579427084,344.3399995421007,2.0656780144749407e-09,1,28.80225797643229,9988,8910,0.45454545454545453,0.0005308798147533432,13,29
"1.0, 0.0, 1.0, 0.0, 1.0, 1.0","A_0, A_2, R_0, R_1, R_2, R_7",1.0,1.0,0.021807957233642376,907.88125,119.754375,4.060159150932385e-07,1,25.742801197916666,9310,8910,0.5454545454545454,0.00047448826902268365,11,17
"0.0, 1.0, 0.0, 1.0, 0.0","A_1, A_2, R_3, R_4, R_5",1.0,1.0,0.003172147243002899,283.3333333333333,335.2777777777777,2.360348625377658e-09,1,30.43333333333333,9940,8916,0.45454545454545453,0.0005609436029476195,7,31
"0.0, 1.0, 0.0, 0.0","A_0, A_2, R_2, R_3",1.0,1.0,0.00043117429883982896,589.8134507158836,427.6585226751893,6.990598237359059e-10,1,27.60576359465758,9982,8918,0.36363636363636365,0.0370132473479267,24,81
"1.0, 1.0, 1.0, 1.0","A_1, A_2, R_2, R_7",1.0,1.0,0.0029624280696186975,858.1312279335272,250.58427044553983,1.0121175814775466e-08,1,29.029391652243085,9906,8919,0.36363636363636365,0.006434145821360868,37,63
"0.0, 1.0, 1.0, 0.0, 0.0, 0.0","A_0, A_1, A_2, R_0, R_3, R_6",0.0,0.0,0.20585155439121844,1000.0,0.0,1.0,2,25.900084117575812,9873,8919,0.5454545454545454,0.0009547745784157324,16,19
"1.0, 1.0, 1.0, 1.0","A_1, A_2, R_3, R_7",1.0,1.0,0.044570376153715,1000.0,0.0,1.0,1,29.37170327543432,9944,8934,0.36363636363636365,0.0005413757631992506,43,58
"0.0, 1.0, 1.0, 0.0","A_0, A_2, R_0, R_3",1.0,1.0,0.0005524129505638762,275.82164143900866,390.24206300471263,1.1049168730624934e-09,1,30.292335412215706,9982,8940,0.36363636363636365,0.0005583447459307572,18,67
"0.0, 1.0, 0.0, 0.0, 0.0","A_0, A_2, R_2, R_3, R_7",1.0,1.0,0.002168473454739631,565.4375,397.03263888888887,1.0136054767278361e-09,1,29.53454166666667,9982,8945,0.45454545454545453,0.0005688846720254926,9,35
"1.0, 1.0, 1.0, 0.0","A_0, A_1, A_2, R_6",1.0,1.0,0.0011972202438644505,677.0105918918216,400.76323773577906,9.672987289466325e-10,1,30.07795050585515,9955,8966,0.36363636363636365,0.014027893875714625,30,64
"1.0, 1.0, 0.0, 0.0, 1.0, 0.0","A_0, A_1, R_0, R_1, R_3, R_6",1.0,1.0,0.008748841091942646,1000.0,0.0,1.0,1,31.0,8969,8969,0.5454545454545454,0.0005713883359707406,1,15
"0.0, 1.0, 0.0, 1.0, 0.0","A_1, A_2, R_1, R_3, R_5",1.0,1.0,0.055880834772772614,0.0,0.0,1.0,1,26.333333333333336,9963,8982,0.45454545454545453,0.0004853728875450378,6,35
"1.0, 0.0, 1.0, 1.0","A_0, A_2, R_0, R_4",1.0,1.0,0.0013188693237579235,888.0545204459085,138.91316821636644,1.9332272926159963e-07,1,27.939503917730207,9989,8998,0.36363636363636365,0.013909698051564251,34,59
"1.0, 1.0, 0.0, 1.0","A_0, R_4, R_5, R_6",1.0,1.0,0.003524164329265268,713.0329865049018,243.2576377862748,1.173998587769971e-08,1,25.301014514762926,9940,9010,0.36363636363636365,0.004713923860054581,25,57
"0.0, 0.0, 1.0, 0.0","A_0, A_1, R_1, R_2",1.0,1.0,0.010198109915386895,844.4840611269532,242.6944653834961,1.1876832672461638e-08,1,26.45679419043785,9870,9042,0.36363636363636365,0.0005021450511913169,37,59
"1.0, 0.0, 1.0, 1.0, 1.0, 1.0","A_1, A_2, R_0, R_2, R_6, R_7",1.0,1.0,0.03189940523362246,1000.0,0.0,1.0,1,31.986907434765623,9732,9075,0.5454545454545454,0.0005895788971613175,13,18
"1.0, 1.0, 0.0, 1.0, 1.0","A_0, A_2, R_2, R_3, R_5",1.0,1.0,0.0018299160393435198,558.2610961214192,406.3197156275174,9.029433849300963e-10,1,30.04981986762402,9897,9079,0.45454545454545453,0.0005538747280768449,15,27
"1.0, 0.0, 0.0, 0.0, 1.0, 1.0","A_0, A_1, A_2, R_0, R_4, R_7",0.0,0.0,0.07176922036067412,0.0,0.0,1.0,1,19.4,9445,9086,0.5454545454545454,0.00035757850702685057,5,8
"0.0, 1.0, 0.0, 1.0, 1.0","A_0, A_1, A_2, R_0, R_3",1.0,1.0,0.003943064530633222,840.3263073340659,242.64003261136605,1.1890160626745036e-08,1,31.036073480338896,9837,9091,0.45454545454545453,0.0005720532380966605,16,31
"1.0, 0.0, 0.0","A_0, A_1, R_4",0.0,0.0,0.36916210735430344,989.4657992608431,40.523867242116324,9.15051590878316e-05,1,29.2204161431532,9894,9094,0.2727272727272727,0.0005385872566583508,61,111
"1.0, 1.0, 1.0, 0.0","A_0, A_1, R_1, R_6",1.0,1.0,0.00213368210614127,575.6748933165594,415.9124451057843,8.035084003611418e-10,1,32.2033247597873,9976,9095,0.36363636363636365,0.0006007345971670544,19,52
"0.0, 0.0, 0.0, 1.0, 0.0","A_2, R_1, R_4, R_5, R_6",0.0,0.0,0.0825991920187136,1000.0,0.0,1.0,1,36.70110600241386,9919,9114,0.45454545454545453,0.0006764704479679037,19,28
"0.0, 1.0, 1.0, 0.0","A_0, A_1, R_3, R_6",0.0,0.0,0.004988775153847803,549.5591763891113,422.5087091899519,7.427141062119623e-10,1,27.99901524692497,9899,9115,0.36363636363636365,0.0005160745397019308,16,49
"0.0, 0.0, 1.0, 1.0, 1.0","A_0, A_2, R_2, R_3, R_4",1.0,1.0,0.017695408188147677,921.6990625,113.536359375,5.300601794510757e-07,2,30.807657948567915,9837,9168,0.45454545454545453,0.001135686220025031,23,34
"0.0, 1.0, 0.0, 0.0","A_1, A_2, R_1, R_4",1.0,1.0,0.0018348061717458092,691.0202785156249,381.6637608506945,1.2347964515339639e-09,1,28.026659616796874,9990,9177,0.36363636363636365,0.0005165840774599975,13,39
"0.0, 1.0, 0.0, 1.0, 0.0, 0.0, 1.0","A_0, A_2, R_0, R_3, R_5, R_6, R_7",0.0,0.0,0.004066598399964468,945.8125,124.63125,3.325563507057491e-07,1,32.222964720952675,9177,9177,0.6363636363636364,0.0005939298771596461,0,6
"1.0, 1.0, 0.0, 0.0, 1.0, 0.0, 0.0, 1.0","A_0, A_2, R_0, R_1, R_3, R_4, R_5, R_6",1.0,1.0,0.011185904048653085,1000.0,0.0,1.0,1,27.0,9179,9179,0.7272727272727273,0.0004976608087487096,1,4
"1.0, 1.0, 0.0, 1.0","A_0, A_2, R_3, R_7",0.0,0.0,0.0008018225023337131,421.83728826994127,428.5075853235235,6.921614850595667e-10,1,27.934722047904526,9951,9182,0.36363636363636365,0.000514889495056688,18,50
"0.0, 1.0, 0.0, 1.0","A_0, R_1, R_2, R_3",0.0,0.0,0.0008449899552927663,621.4760536217448,420.67970594278427,7.590007265710981e-10,1,26.713217317387045,9650,9198,0.36363636363636365,0.0004923748642389212,15,41
"1.0, 0.0, 0.0, 1.0","A_0, A_2, R_1, R_4",0.0,0.0,0.0050745602294075395,443.7842281616439,411.15901497502284,8.510418465975218e-10,1,27.598798866865184,9871,9208,0.36363636363636365,0.0005086977986880406,21,35
"1.0, 0.0, 1.0, 0.0, 0.0","A_1, A_2, R_4, R_6, R_7",0.0,0.0,0.0149353296316957,762.9989583333333,226.10118055555554,1.6923331054537872e-08,1,30.766038541666667,9937,9208,0.45454545454545453,0.0005670759860236964,10,19
"0.0, 1.0, 0.0","A_0, A_1, R_2",0.0,0.0,0.08625654536476113,986.7968802779794,41.34961593696173,8.272610930935419e-05,19,35.741007151662714,9983,9218,0.2727272727272727,0.012068093239871607,63,93
"1.0, 0.0, 1.0, 1.0","A_0, A_2, R_4, R_6",0.0,0.0,0.09496386106248707,0.0,0.0,1.0,2,29.461790259002612,9929,9226,0.36363636363636365,0.0010860724716651921,21,48
"0.0, 0.0, 0.0, 1.0, 0.0","A_2, R_1, R_4, R_5, R_6",1.0,1.0,0.0034701044015261317,270.41666666666663,282.03472222222223,5.603857780229512e-09,1,39.77,9693,9238,0.45454545454545453,0.0007330359394050438,8,23
"1.0, 0.0, 0.0, 0.0, 0.0","A_1, A_2, R_1, R_4, R_6",0.0,0.0,0.008194157287402054,886.9565205575194,179.54718906571293,5.35928617753931e-08,1,31.028005231122812,9927,9238,0.45454545454545453,0.0005719045250807323,18,26
"0.0, 0.0, 0.0, 1.0, 0.0, 0.0","A_0, A_1, R_0, R_3, R_4, R_6",1.0,1.0,0.0037230711332191056,333.3333333333333,344.4444444444444,2.0625480650823355e-09,1,36.166666666666664,9715,9267,0.5454545454545454,0.0006666197252991974,6,16
"1.0, 0.0, 0.0, 1.0","A_0, A_1, A_2, R_7",1.0,1.0,0.0005411587415423983,446.8873651396484,430.79000198615455,6.740186646760155e-10,1,32.431360034695636,9989,9273,0.36363636363636365,0.0005977709949513781,15,39
"0.0, 0.0, 0.0, 0.0","A_1, A_2, R_0, R_4",1.0,1.0,0.031743126685604035,0.0,0.0,1.0,1,40.41374804497393,9739,9273,0.36363636363636365,0.0007449014272825298,17,56
"1.0, 0.0, 1.0, 1.0, 1.0","A_0, A_2, R_1, R_2, R_4",0.0,0.0,0.0038120086273037666,141.66666666666669,226.66666666666663,1.6713280809264604e-08,1,28.7,9929,9275,0.45454545454545453,0.0005289950078180728,7,23
"1.0, 0.0, 1.0, 0.0","A_0, A_2, R_4, R_5",0.0,0.0,0.007909100661130389,330.27511128427733,353.78970937500003,1.8041557113006462e-09,1,29.479296818813694,9871,9275,0.36363636363636365,0.000543358914673855,17,37
"1.0, 0.0, 1.0, 0.0, 0.0","A_0, A_1, R_2, R_4, R_7",1.0,1.0,0.0011841762958686513,649.4290261162109,415.5166477034234,8.073425786616225e-10,1,27.92004106570085,9990,9281,0.45454545454545453,0.000514618896927921,15,26
"1.0, 0.0, 0.0, 0.0, 0.0, 1.0, 1.0","A_0, A_1, A_2, R_0, R_2, R_4, R_7",0.0,0.0,0.020875374027334873,0.0,0.0,1.0,1,19.0,9332,9284,0.6363636363636364,0.0003502057543046475,1,4
"1.0, 0.0, 0.0, 1.0","A_0, A_1, R_0, R_4",0.0,0.0,0.003862911966909227,624.6722969253215,397.18852524842407,1.011617966027455e-09,1,25.82381540038913,9795,9284,0.36363636363636365,0.0004759815132272236,17,42
"1.0, 1.0, 0.0, 1.0, 0.0","A_0, A_1, A_2, R_4, R_6",0.0,0.0,0.13048512354339187,1000.0,0.0,1.0,2,24.013704166666667,9786,9286,0.45454545454545453,0.0008852355138248586,10,12
"0.0, 0.0, 1.0, 1.0, 0.0","A_2, R_0, R_2, R_3, R_4",1.0,1.0,0.00282454684568895,324.0020833333333,340.6525520833334,2.1799260712168406e-09,1,39.50070624999999,9657,9287,0.45454545454545453,0.0007280723488340817,10,24
"0.0, 1.0, 0.0, 1.0, 1.0","A_0, A_1, R_3, R_5, R_6",0.0,0.0,0.0008515941019381427,937.6059455386574,167.77291993876926,7.522993463413072e-08,1,28.971717615029455,9983,9300,0.45454545454545453,0.022337901798262925,26,35
"1.0, 0.0, 1.0, 1.0, 1.0","A_0, A_2, R_0, R_2, R_7",1.0,1.0,0.02695149328255775,891.625,124.63125,3.325563507057491e-07,1,28.883604166666668,9989,9310,0.45454545454545453,0.0005323791781170716,9,18
"1.0, 0.0, 1.0, 1.0","A_0, A_2, R_3, R_4",1.0,1.0,0.04812342816987024,1000.0,0.0,1.0,1,26.98012701005701,9876,9318,0.36363636363636365,0.0004972945121469584,17,35
"0.0, 0.0, 1.0, 0.0, 1.0","A_0, A_1, A_2, R_1, R_5",1.0,1.0,0.05046898838514878,0.0,0.0,1.0,1,24.0,9893,9320,0.45454545454545453,0.00044236516333218633,2,18
"0.0, 0.0, 0.0, 1.0","A_1, A_2, R_0, R_3",1.0,1.0,0.001187067466039288,385.7845407591146,414.06211142125653,8.21622905287482e-10,1,34.26803878930599,9787,9328,0.36363636363636365,0.0006316244406710434,15,40
"0.0, 0.0, 0.0, 1.0","A_1, A_2, R_0, R_4",0.0,0.0,0.0014835679671914882,840.3263073340659,262.87434639082915,7.966342433858645e-09,1,25.01917683367697,9795,9332,0.36363636363636365,0.00046115051026943187,16,28
"1.0, 0.0, 0.0, 1.0, 1.0","A_0, A_1, R_0, R_4, R_7",0.0,0.0,0.005118595806589481,611.496875,395.7532118055555,1.0300961388378887e-09,1,26.638231249999997,9761,9332,0.45454545454545453,0.0004909927299077833,10,15
"1.0, 0.0, 0.0, 0.0, 1.0, 0.0","A_0, A_1, A_2, R_0, R_2, R_3",0.0,0.0,0.023545539754663527,1000.0,0.0,1.0,1,42.758333333333326,9353,9353,0.5454545454545454,0.0007881165462005026,7,9
"1.0, 0.0, 0.0, 0.0, 1.0","A_1, A_2, R_4, R_6, R_7",0.0,0.0,0.004696704988416416,926.0491145833333,162.69194791666663,8.773435850263452e-08,1,26.906763541666667,9919,9378,0.45454545454545453,0.0004959422853687454,11,15
"0.0, 1.0, 0.0","A_0, A_2, R_1",1.0,1.0,0.0009973119468439436,547.3554423453479,439.39587471102294,6.105484372318474e-10,1,29.11714607714768,9963,9384,0.2727272727272727,0.019169843285134044,22,83
"1.0, 0.0, 0.0, 1.0","A_0, A_1, A_2, R_4",0.0,0.0,0.04745605960419322,0.0,0.0,1.0,1,26.667978124999998,9847,9387,0.36363636363636365,0.0004915410207918665,11,27
"0.0, 1.0, 0.0, 1.0","A_2, R_0, R_1, R_4",0.0,0.0,0.0008555109471270873,592.8854119283317,431.44108754366164,6.689482006655048e-10,1,31.709489612048873,9937,9387,0.36363636363636365,0.0005844655646422611,17,32
"0.0, 1.0, 0.0, 1.0, 0.0, 1.0","A_0, A_1, A_2, R_0, R_1, R_3",1.0,1.0,0.0034414985917275275,833.3333333333334,241.66666666666663,1.2131548554398397e-08,1,30.833333333333336,9497,9397,0.5454545454545454,0.0005683163556698227,6,13
"0.0, 1.0, 1.0, 1.0","A_1, A_2, R_1, R_2",1.0,1.0,0.0005203291693093534,984.0730646574827,56.84321426764979,1.6850269905689622e-05,1,25.72208019649294,9974,9408,0.36363636363636365,0.02830235801756045,26,38
"0.0, 1.0, 0.0, 1.0","A_0, A_2, R_2, R_6",1.0,1.0,0.006141075969438975,846.2099124934896,203.35073501128468,2.8758833568948493e-08,1,29.402929526484375,9893,9428,0.36363636363636365,0.0005660307197760691,14,29
"0.0, 1.0, 0.0","A_0, R_1, R_3",1.0,1.0,0.001621057820622524,822.2317024763373,298.48456457838256,4.220759555134641e-09,1,25.079645396840505,9992,9428,0.2727272727272727,0.007685567810751111,33,68
"1.0, 0.0, 0.0, 0.0, 1.0, 1.0","A_0, A_1, A_2, R_0, R_4, R_7",1.0,1.0,0.03089801637325036,1000.0,0.0,1.0,1,21.5,9481,9445,0.5454545454545454,0.0003962854588184169,2,2
"0.0, 0.0, 0.0, 0.0","A_0, A_1, R_0, R_4",0.0,0.0,0.0009781874828538033,859.0534627409372,230.75486159252162,1.5284305228342557e-08,1,35.29278560599012,9994,9457,0.36363636363636365,0.023689975713023708,21,36
"0.0, 0.0, 0.0, 1.0","A_1, A_2, R_0, R_5",0.0,0.0,0.008273089824813857,951.9134367578124,91.36447016015627,1.5707725384111343e-06,1,37.3666856201906,9795,9457,0.36363636363636365,0.0006887383328149198,21,31
"1.0, 0.0, 0.0, 1.0","A_1, A_2, R_2, R_3",0.0,0.0,0.004627717287169247,689.416748621388,319.13510711155016,3.020835585319911e-09,1,26.998612551160065,9871,9461,0.36363636363636365,0.0004976352354556807,20,32
"1.0, 1.0, 0.0, 0.0, 1.0, 0.0","A_0, A_1, A_2, R_1, R_4, R_6",1.0,1.0,0.037591184505365915,0.0,0.0,1.0,1,10.0,9714,9467,0.5454545454545454,0.00018431881805507764,1,7
"1.0, 1.0, 0.0, 0.0, 1.0, 0.0","A_0, A_1, A_2, R_3, R_4, R_6",0.0,0.0,0.05500135455853597,1000.0,0.0,1.0,1,23.8,9577,9467,0.5454545454545454,0.0004386787869710848,5,7
"0.0, 1.0, 0.0, 0.0","A_0, A_2, R_0, R_3",0.0,0.0,0.0020226105877594615,961.5277710479655,100.84098438836132,9.589911899566616e-07,2,35.81212128374243,9983,9476,0.36363636363636365,0.04650273973974573,24,35
"0.0, 1.0, 0.0, 0.0","A_0, A_1, R_3, R_6",0.0,0.0,0.03328584456809223,892.5706243691407,178.0180378227539,5.593452457799124e-08,2,33.0958344446299,9937,9476,0.36363636363636365,0.001155606755511873,26,41
"0.0, 0.0, 1.0","A_0, A_1, R_0",1.0,1.0,0.11226742156423014,891.625,124.63125,3.325563507057491e-07,26,32.52857325438604,9893,9480,0.2727272727272727,0.015588633255692756,26,47
"0.0, 1.0, 0.0, 1.0, 1.0","A_0, A_1, R_0, R_1, R_3",1.0,1.0,0.003275598507782387,909.1698249869792,182.41726815115018,4.950741635573893e-08,1,31.584757789596352,9599,9491,0.45454545454545453,0.0005821665224334306,14,16
"0.0, 0.0, 0.0, 0.0","A_1, A_2, R_1, R_4",0.0,0.0,0.002910602064124568,912.1079395545742,156.62949439050067,1.0607969685658538e-07,1,41.316211180294026,9793,9507,0.36363636363636365,0.0007615355211265779,19,33
"1.0, 0.0, 0.0, 1.0, 0.0","A_1, A_2, R_1, R_4, R_6",0.0,0.0,0.01277261831238354,809.6417473958334,235.4066669704861,1.3832676111092459e-08,1,29.5405321328125,9937,9526,0.45454545454545453,0.0005444875967438042,12,16
"1.0, 1.0, 0.0, 1.0","A_0, A_1, A_2, R_7",0.0,0.0,0.024449455261004942,921.6990625,113.536359375,5.300601794510757e-07,1,24.534806666666665,9919,9526,0.36363636363636365,0.0004522226566009839,11,20
"1.0, 0.0, 0.0, 1.0","A_0, A_1, A_2, R_1",0.0,0.0,0.004744549058071446,591.47140625,400.7870564236111,9.670113313403528e-10,1,34.428505989583336,9847,9540,0.36363636363636365,0.0006345821531402162,11,25
"1.0, 1.0, 1.0, 1.0","A_1, A_2, R_1, R_3",1.0,1.0,0.0013455446943151182,883.7621268796006,216.73374613402348,2.0910639359017755e-08,2,31.130979119523957,9944,9545,0.36363636363636365,0.0011476050552415914,19,28
"1.0, 1.0, 0.0","A_1, A_2, R_7",1.0,1.0,0.0010604014461962298,296.6578224575436,386.0325317202574,1.1664885351523573e-09,2,31.368057451701244,9982,9553,0.2727272727272727,0.07769231877483752,21,59
"0.0, 0.0, 0.0, 1.0","A_0, A_1, R_0, R_1",0.0,0.0,0.0011609093101941372,664.780658984375,399.9380712586805,9.773188173276508e-10,1,33.39149564661459,9874,9558,0.36363636363636365,0.000615468101067527,13,32
"1.0, 1.0, 0.0, 0.0, 0.0","A_0, A_2, R_4, R_5, R_6",0.0,0.0,0.0763746612218286,799.50625,216.75,2.0902800195024344e-08,1,36.05431533346355,9883,9562,0.45454545454545453,0.0006645488788049064,13,18
"1.0, 1.0, 0.0, 0.0, 0.0, 1.0","A_0, A_1, A_2, R_1, R_3, R_4",0.0,0.0,0.02172852505885642,500.0,250.0,1.0240000000000001e-08,1,25.0,9577,9577,0.5454545454545454,0.0004607970451376941,2,4
"0.0, 1.0, 1.0, 0.0","A_0, A_1, A_2, R_3",0.0,0.0,0.15271167111779638,1000.0,0.0,1.0,2,32.62266687822775,9983,9591,0.36363636363636365,0.001135085888080992,28,35
"0.0, 0.0, 0.0, 0.0","A_0, R_1, R_2, R_3",0.0,0.0,0.004860280288901722,986.8968671348123,40.61971188208203,9.043068216891092e-05,1,39.12376294271081,9785,9591,0.36363636363636365,0.0007085163961190884,23,30
"0.0, 1.0, 1.0, 1.0","A_1, A_2, R_1, R_5",0.0,0.0,0.024886985390799147,0.0,0.0,1.0,1,34.6,9840,9593,0.36363636363636365,0.0006377431104705686,5,29
"0.0, 0.0, 1.0, 1.0, 1.0, 1.0, 1.0","A_0, A_2, R_3, R_4, R_5, R_6, R_7",1.0,1.0,0.017219024495228063,1000.0,0.0,1.0,1,32.333333333333336,9599,9599,0.6363636363636364,0.0005959641783780844,3,5
"0.0, 0.0, 0.0, 1.0","A_0, A_1, R_0, R_4",0.0,0.0,0.005024383665933312,759.1666666666666,301.0416666666667,4.044519665552564e-09,1,32.65958333333334,9649,9618,0.36363636363636365,0.0006019775798171313,8,20
"0.0, 0.0, 0.0, 0.0","A_2, R_0, R_1, R_2",1.0,1.0,0.012309992264254903,500.0,333.3333333333333,2.4300000000000017e-09,1,22.75,9960,9632,0.36363636363636365,0.0004193253110753016,4,21
"1.0, 0.0, 1.0, 1.0, 0.0","A_0, A_2, R_0, R_4, R_6",0.0,0.0,0.015418906106415239,500.0,250.0,1.0240000000000001e-08,1,31.0,9744,9645,0.45454545454545453,0.0005713883359707406,2,6
"0.0, 1.0, 1.0","A_1, R_0, R_4",0.0,0.0,0.001612598657585051,688.2969727621876,391.24382518369924,1.0908436761514533e-09,1,28.52291558843802,9973,9650,0.2727272727272727,0.0005257310088745645,18,37
"0.0, 1.0, 1.0","A_0, A_2, R_3",1.0,1.0,0.0032753434498198138,835.335970814508,232.38632133239065,1.4755271137004064e-08,2,28.70011508698443,9963,9653,0.2727272727272727,0.023013759052494854,30,43
"1.0, 0.0, 1.0","A_1, A_2, R_2",0.0,0.0,0.0007962236687510931,331.8036341631915,393.5910101929258,1.058703010686716e-09,2,32.06096340890722,9993,9662,0.2727272727272727,0.0011818877762473743,19,45
"1.0, 0.0, 0.0, 1.0","A_1, A_2, R_6, R_7",1.0,1.0,0.008901700449552382,833.3333333333334,241.66666666666663,1.2131548554398397e-08,1,25.0,9837,9669,0.36363636363636365,0.0004607970451376941,6,18
"1.0, 1.0, 0.0, 0.0","A_1, A_2, R_5, R_7",0.0,0.0,0.08073189286829167,1000.0,0.0,1.0,2,36.3024761304288,9962,9676,0.36363636363636365,0.001338245898566661,17,24
"1.0, 1.0, 0.0, 0.0","A_0, R_4, R_5, R_6",0.0,0.0,0.07883006743001116,912.9989583333333,163.85196180555553,8.467238095407058e-08,1,30.864075,9744,9677,0.36363636363636365,0.000568882982436327,10,14
"0.0, 0.0, 1.0, 0.0, 1.0","A_0, A_2, R_1, R_2, R_7",1.0,1.0,0.009377466352593362,333.3333333333333,222.22222222222226,1.845281249999999e-08,1,37.0,9870,9687,0.45454545454545453,0.0006819796268037872,3,11
"0.0, 0.0, 1.0, 0.0, 0.0","A_0, A_1, R_1, R_3, R_4",1.0,1.0,0.005770666791739074,750.0,270.8333333333333,6.862611684033906e-09,1,25.5,9870,9687,0.45454545454545453,0.0004915168481468737,4,6
"0.0, 1.0, 0.0, 1.0, 0.0","A_2, R_1, R_2, R_3, R_4",1.0,1.0,0.025975418496409778,0.0,0.0,1.0,1,30.333333333333336,9980,9690,0.45454545454545453,0.0005591004147670689,3,5
"0.0, 0.0, 1.0","A_1, R_4, R_5",0.0,0.0,0.0006609482175323586,861.3898135854606,273.5858857464346,6.524264475243859e-09,1,37.144367207556265,9994,9700,0.2727272727272727,0.0006846405861100555,17,34
"1.0, 0.0, 1.0","A_0, A_1, A_2",0.0,0.0,0.016473441348893024,919.634148060548,199.7280891160946,3.1463299566097736e-08,1,21.3932435796411,9894,9700,0.2727272727272727,0.0003943177370963826,22,39
"0.0, 1.0, 0.0","A_0, A_1, R_2",1.0,1.0,0.00814661776825321,609.1666666666666,322.1736111111111,2.8810458856992917e-09,1,32.92541666666666,9982,9701,0.2727272727272727,0.0006068773883970953,8,37
"1.0, 1.0, 0.0","A_0, A_2, R_6",0.0,0.0,0.008542277081462518,740.5731659625225,361.4013053615173,1.6220021129528537e-09,2,30.186223529227817,9951,9702,0.2727272727272727,0.0011127778084907291,24,46
"1.0, 0.0, 0.0, 0.0","A_1, R_4, R_6, R_7",0.0,0.0,0.0176778952552326,907.88125,119.754375,4.060159150932385e-07,1,39.94614479166666,9927,9702,0.36363636363636365,0.0007263493902825581,10,20
"1.0, 1.0, 0.0, 0.0, 0.0, 1.0","A_2, R_1, R_4, R_5, R_6, R_7",0.0,0.0,0.02405064133525007,0.0,0.0,1.0,1,38.5,9883,9704,0.5454545454545454,0.0007096274495120489,2,6
"1.0, 1.0, 0.0, 0.0","A_1, R_0, R_6, R_7",1.0,1.0,0.003179529654100132,537.9222916666666,395.8683602430556,1.028598861093219e-09,1,32.21388145833334,9992,9705,0.36363636363636365,0.0005937624555366382,11,21
"1.0, 1.0, 0.0, 0.0","A_0, A_1, A_2, R_6",1.0,1.0,0.02397106341421286,0.0,0.0,1.0,1,29.0,9976,9705,0.36363636363636365,0.0005345245723597251,3,13
"1.0, 0.0, 0.0, 0.0","A_0, R_2, R_6, R_7",1.0,1.0,0.0032305990621061577,425.0,373.05555555555554,1.3839883694958784e-09,1,36.41666666666667,9976,9711,0.36363636363636365,0.0006712276957505745,7,18
"1.0, 0.0, 1.0, 0.0","A_1, A_2, R_4, R_6",1.0,1.0,0.02942348267226605,872.5,127.5,2.967898717650669e-07,2,30.305833333333332,9992,9714,0.36363636363636365,0.0011171870760348346,8,19
"0.0, 0.0, 0.0","A_0, A_2, R_0",1.0,1.0,0.001368086940274654,765.6409705729167,311.83182576171873,3.391546786272588e-09,1,26.500849571874998,9960,9715,0.2727272727272727,0.000488460527054341,13,31
"0.0, 1.0, 1.0, 0.0","A_0, A_1, R_3, R_7",0.0,0.0,0.0068215581050002265,666.6666666666666,324.99999999999994,2.757929721271344e-09,2,27.666666666666664,9899,9726,0.36363636363636365,0.0010198974599047628,6,13
"1.0, 1.0, 0.0, 0.0","A_0, A_2, R_5, R_6",0.0,0.0,0.09168617964892109,895.3410094140625,175.9402490390625,5.9316291141794715e-08,1,32.179504137728514,9883,9728,0.36363636363636365,0.00059312881682646,15,21
"1.0, 1.0, 1.0, 0.0","A_0, A_2, R_4, R_6",0.0,0.0,0.006288465858408143,686.9166666666666,349.8104166666667,1.9091335561486695e-09,1,31.49385416666667,9951,9731,0.36363636363636365,0.0005804909975998982,9,17
"1.0, 1.0","A_0, A_2",0.0,0.0,0.0019292749472269311,712.336601292123,363.2060197892466,1.582103205263147e-09,1,26.65426598832362,9962,9731,0.18181818181818182,0.009071380446466652,36,76
"1.0, 0.0, 1.0, 1.0, 1.0","A_1, A_2, R_0, R_2, R_7",1.0,1.0,0.01761379893085041,1000.0,0.0,1.0,1,34.5,9837,9732,0.45454545454545453,0.0006358999222900178,4,8
"1.0, 0.0, 1.0","A_1, A_2, R_6",1.0,1.0,0.03525725876144613,1000.0,0.0,1.0,1,30.444084003012126,9935,9741,0.2727272727272727,0.0005611417580204691,17,39
"1.0, 0.0, 1.0, 0.0","A_0, A_2, R_4, R_6",0.0,0.0,0.03803341355845025,1000.0,0.0,1.0,1,27.333333333333332,9786,9744,0.36363636363636365,0.0005038047693505455,3,7
"1.0, 0.0, 1.0, 0.0","A_0, A_1, R_4, R_5",0.0,0.0,0.04320031268175807,858.3333333333334,226.66666666666663,1.6713280809264604e-08,1,23.125,9847,9744,0.36363636363636365,0.00042623726675236704,7,9
"1.0, 1.0, 1.0, 1.0, 1.0, 1.0, 1.0","A_0, A_1, A_2, R_0, R_4, R_6, R_7",0.0,0.0,0.006436955901512222,1000.0,0.0,1.0,1,26.847540208586395,9748,9748,0.6363636363636364,0.0004948506878932816,0,1
"0.0, 1.0, 1.0, 0.0","A_0, R_2, R_4, R_5",1.0,1.0,0.0019198828271406148,852.0982291666666,263.7581579861111,7.833764187255711e-09,1,27.825350052083333,9992,9762,0.36363636363636365,0.0005128735633568793,11,16
"0.0, 0.0, 0.0, 0.0","A_1, R_0, R_4, R_6",0.0,0.0,0.0011017503675295897,880.0146884114583,224.03420736979163,1.77185559746191e-08,1,34.76707614505207,9874,9764,0.36363636363636365,0.0006408226382286883,13,16
"0.0, 1.0, 0.0","A_0, A_2, R_3",0.0,0.0,0.0008906950768898284,982.8717217448526,60.80538780577326,1.2030666463511086e-05,1,36.32263205499232,9983,9773,0.2727272727272727,0.0006298762571626255,20,31
"0.0, 1.0, 1.0, 1.0, 1.0","A_0, A_1, R_0, R_1, R_3",1.0,1.0,0.015411518112828582,1000.0,0.0,1.0,1,33.333333333333336,9837,9775,0.45454545454545453,0.0006143960601835922,3,4
"0.0, 0.0, 0.0, 0.0, 1.0","A_0, A_2, R_0, R_6, R_7",0.0,0.0,0.10713661837262307,1000.0,0.0,1.0,1,29.666666666666664,9780,9780,0.45454545454545453,0.0005468124935633969,6,9
"0.0, 0.0, 0.0, 0.0, 0.0","A_1, R_0, R_3, R_4, R_5",0.0,0.0,0.07972008405009304,1000.0,0.0,1.0,1,38.83333333333333,9780,9780,0.45454545454545453,0.0007157714101138847,6,7
"0.0, 1.0, 0.0","A_0, A_1, A_2",0.0,0.0,0.0034303905978690413,748.3726299903159,321.44604133166854,2.913799010198785e-09,1,28.65709211804546,9970,9785,0.2727272727272727,0.000528204134809362,16,30
"1.0, 0.0, 1.0, 0.0, 1.0","A_1, A_2, R_0, R_6, R_7",0.0,0.0,0.192499874049826,1000.0,0.0,1.0,1,25.75,9919,9797,0.45454545454545453,0.0004746209564918249,4,5
"1.0, 1.0, 1.0, 0.0, 0.0","A_0, A_1, R_3, R_4, R_6",0.0,0.0,0.010749190622323643,750.0,229.16666666666669,1.582132169312826e-08,1,44.5,9883,9797,0.45454545454545453,0.0008202187403450955,4,6
"0.0, 1.0","A_1, R_5",0.0,0.0,0.0010613271014921887,909.1698249869792,202.85405752907985,2.9112634308177618e-08,1,33.13824367771485,9994,9807,0.18181818181818182,0.000610800190709755,14,43
"0.0, 1.0, 0.0","A_2, R_6, R_7",0.0,0.0,0.0028470315343718327,332.2083333333333,369.73819444444445,1.4471995525529573e-09,1,27.95075,9993,9819,0.2727272727272727,0.0005151849203752961,9,20
"1.0, 0.0, 1.0, 1.0","A_1, A_2, R_3, R_6",1.0,1.0,0.024277373694378778,1000.0,0.0,1.0,1,31.666666666666668,9819,9819,0.36363636363636365,0.0005836762571744125,6,10
"1.0, 0.0, 0.0","A_2, R_5, R_7",1.0,1.0,0.008541359316903563,575.0,349.44444444444446,1.919151670138895e-09,1,31.458333333333332,9904,9825,0.2727272727272727,0.0005798362817982651,7,27
"1.0, 1.0, 1.0","A_0, A_1, A_2",0.0,0.0,0.003315439937481181,565.8350499804689,411.0660375179036,8.520047516159175e-10,1,32.44228096632812,9962,9825,0.2727272727272727,0.0005979722882724341,14,30
"1.0, 0.0, 0.0, 0.0, 0.0, 0.0","A_1, A_2, R_0, R_1, R_6, R_7",1.0,1.0,0.0006206768084446222,503.121875,399.42090277777777,9.83662364443183e-10,1,28.716381249999998,9828,9828,0.5454545454545454,0.0005292969450818992,0,2
"0.0, 1.0, 1.0, 1.0","A_2, R_0, R_2, R_6",0.0,0.0,0.01698122745363984,0.0,0.0,1.0,1,34.333333333333336,9993,9844,0.36363636363636365,0.0006328279419890999,3,9
"0.0, 0.0, 1.0","A_1, A_2, R_4",0.0,0.0,0.009719840591519749,500.0,250.0,1.0240000000000001e-08,1,35.5,9973,9847,0.2727272727272727,0.0006543318040955256,2,10
"1.0, 1.0, 0.0","A_0, A_1, R_6",1.0,1.0,0.004537489140830068,511.25,376.3611111111111,1.324269235570806e-09,1,31.36,9976,9855,0.2727272727272727,0.0005824474650540453,8,18
"1.0, 0.0, 0.0","A_0, A_2, R_7",1.0,1.0,0.002910638559691754,559.4166666666666,395.3267361111111,1.0356644422205062e-09,1,25.60685416666667,9980,9867,0.2727272727272727,0.000471982509410874,9,17
"1.0, 1.0, 0.0, 0.0","A_0, R_3, R_4, R_7",1.0,1.0,0.010757636841156631,400.0,346.66666666666663,1.997282869425226e-09,1,22.8,9980,9867,0.36363636363636365,0.00042024690516557703,5,11
"0.0, 0.0, 0.0, 1.0","A_0, A_1, R_4, R_6",1.0,1.0,0.009711352546805854,1000.0,0.0,1.0,1,22.0,9870,9870,0.36363636363636365,0.0005558156230308049,1,3
"1.0, 0.0, 0.0, 1.0","A_1, A_2, R_1, R_4",0.0,0.0,0.10073996670048939,800.0,190.0,4.038610734061926e-08,1,32.8,9937,9871,0.36363636363636365,0.0006045657232206546,5,7
"0.0, 0.0","A_0, R_4",1.0,1.0,0.004574323794660259,785.4989583333333,250.75147569444445,1.0087475947301227e-08,1,30.846481250000004,9982,9874,0.18181818181818182,0.0005973335135972186,10,26
"0.0, 0.0, 1.0","A_0, A_1, A_2",0.0,0.0,0.02735641365866169,1000.0,0.0,1.0,1,32.61333333333334,9994,9884,0.2727272727272727,0.0005738459202114751,8,16
"0.0, 0.0, 1.0","A_1, R_1, R_5",0.0,0.0,0.015880851997404914,1000.0,0.0,1.0,1,32.0,9994,9884,0.2727272727272727,0.0005898202177762484,3,9
"0.0, 0.0, 1.0, 0.0, 1.0","A_0, A_1, A_2, R_1, R_3",1.0,1.0,0.02376148455279107,0.0,0.0,1.0,2,15.0,9963,9893,0.45454545454545453,0.0005529564541652329,1,6
"1.0, 0.0, 0.0, 0.0","A_0, R_1, R_6, R_7",1.0,1.0,0.006816712623595817,333.3333333333333,222.22222222222226,1.845281249999999e-08,1,36.0,9990,9897,0.36363636363636365,0.0006635477449982794,3,6
"1.0, 1.0, 1.0, 0.0","A_0, A_1, R_5, R_6",1.0,1.0,0.0044301332979474525,666.6666666666666,277.77777777777777,6.0466176e-09,1,32.0,9955,9897,0.36363636363636365,0.0006082520995817562,3,6
"0.0, 1.0, 1.0","A_0, A_1, R_2",0.0,0.0,0.047563842007092065,500.0,333.3333333333333,2.4300000000000017e-09,1,23.75,9970,9901,0.2727272727272727,0.0004377571928808094,4,13
"1.0, 1.0, 0.0","A_0, A_2, R_7",1.0,1.0,0.009112654911473811,575.0,356.5277777777778,1.7359337180751046e-09,1,24.533333333333335,9990,9904,0.2727272727272727,0.0004521955002951238,7,16
"0.0, 0.0, 0.0","A_0, R_3, R_4",1.0,1.0,0.007342896228406247,666.6666666666666,277.77777777777777,6.0466176e-09,1,26.0,9982,9916,0.2727272727272727,0.0005160926905542173,3,13
"0.0, 0.0","A_0, R_1",1.0,1.0,0.00542487283064631,575.0,356.52777777777777,1.7359337180751063e-09,1,30.041666666666668,9963,9916,0.18181818181818182,0.0005537244492404624,7,23
"0.0, 1.0, 1.0, 1.0, 0.0","A_0, A_2, R_1, R_2, R_3",1.0,1.0,0.011172323341307248,1000.0,0.0,1.0,1,22.0,9926,9926,0.45454545454545453,0.00045730016388145463,1,2
"1.0, 0.0, 1.0, 1.0","A_0, A_2, R_5, R_6",0.0,0.0,0.015950580125000776,500.0,250.0,1.0240000000000001e-08,1,29.5,9993,9929,0.36363636363636365,0.000543740513262479,2,7
"1.0, 0.0, 0.0, 1.0, 1.0","A_0, A_2, R_0, R_4, R_6",0.0,0.0,0.0051866629781239125,0.0,0.0,1.0,1,27.5311779876257,9929,9929,0.45454545454545453,0.000507451418634314,0,1
"0.0, 1.0, 1.0, 0.0, 0.0","A_0, A_1, R_2, R_3, R_6",0.0,0.0,0.012047243923230942,0.0,0.0,1.0,1,43.0,9937,9931,0.45454545454545453,0.0007925709176368339,1,2
"1.0, 1.0, 0.0, 1.0, 0.0, 1.0","A_0, A_2, R_1, R_4, R_5, R_6",1.0,1.0,0.00041460754931465317,838.8623370645904,160.35610565945828,9.431320356757836e-08,1,24.648252370309326,9940,9940,0.5454545454545454,0.00045431367440186804,0,0
"0.0, 0.0, 0.0","A_0, R_1, R_3",0.0,0.0,0.1139650014399403,1000.0,0.0,1.0,1,41.01416666666667,9948,9948,0.2727272727272727,0.0007495631934239823,8,10
"1.0, 0.0, 1.0, 0.0, 0.0","A_0, A_1, R_2, R_4, R_5",0.0,0.0,0.007831345801661687,1000.0,0.0,1.0,1,31.0,9958,9958,0.45454545454545453,0.0005713883359707406,1,1
"0.0, 0.0, 0.0","A_0, A_1, A_2",1.0,1.0,0.004315663454976784,0.0,0.0,1.0,2,30.576463993127565,9960,9960,0.2727272727272727,0.0011271635407033825,0,2
"1.0, 1.0, 0.0","A_1, A_2, R_7",0.0,0.0,0.05958150954914554,1000.0,0.0,1.0,1,39.333333333333336,9983,9962,0.2727272727272727,0.0006911955677065411,3,5
"0.0, 0.0, 1.0, 0.0, 0.0, 0.0","A_0, A_1, A_2, R_0, R_1, R_2",1.0,1.0,0.00950635103162934,0.0,0.0,1.0,1,16.292105413281252,9963,9963,0.5454545454545454,0.00030029416134047326,0,2
"0.0, 1.0","A_0, A_1",0.0,0.0,0.13563333215223897,1000.0,0.0,1.0,1,38.6,9983,9970,0.18181818181818182,0.0006911955677065411,5,8
"1.0, 0.0, 1.0, 0.0, 0.0","A_0, A_1, A_2, R_4, R_7",1.0,1.0,0.012194019906809697,1000.0,0.0,1.0,1,20.0,9990,9974,0.45454545454545453,0.0003686376361101553,1,1
"1.0, 1.0, 1.0","A_0, R_3, R_5",1.0,1.0,0.01407840872451177,333.33333333333337,277.77777777777777,6.0466176e-09,1,16.333333333333332,9988,9974,0.2727272727272727,0.0003010540694899601,3,4
"1.0, 1.0, 0.0, 0.0, 1.0, 0.0","A_0, A_1, A_2, R_2, R_4, R_6",0.0,0.0,0.005007437754742772,0.0,0.0,1.0,1,26.834846786458332,9976,9976,0.5454545454545454,0.0004946167242369098,0,0
"0.0, 1.0, 1.0, 0.0, 0.0","A_0, A_1, A_2, R_0, R_3",1.0,1.0,0.017186739595857408,1000.0,0.0,1.0,1,27.931026821076465,9983,9983,0.45454545454545453,0.0005148213850725487,0,1
